area_code,inflow,outflow,net,age_band,year
E06000001,300.0,163.0,137.0,0-4,2024
E06000002,480.0,674.0,-194.0,0-4,2024
E06000003,360.0,241.0,119.0,0-4,2024
E06000004,589.0,458.0,131.0,0-4,2024
E06000005,323.0,339.0,-16.0,0-4,2024
E06000006,333.0,235.0,98.0,0-4,2024
E06000007,540.0,411.0,129.0,0-4,2024
E06000008,489.0,465.0,24.0,0-4,2024
E06000009,384.0,494.0,-110.0,0-4,2024
E06000010,481.0,834.0,-353.0,0-4,2024
E06000011,1028.0,513.0,515.0,0-4,2024
E06000012,329.0,234.0,95.0,0-4,2024
E06000013,357.0,216.0,141.0,0-4,2024
E06000014,410.0,456.0,-46.0,0-4,2024
E06000015,713.0,819.0,-106.0,0-4,2024
E06000016,943.0,1397.0,-454.0,0-4,2024
E06000017,153.0,111.0,42.0,0-4,2024
E06000018,861.0,1291.0,-430.0,0-4,2024
E06000019,388.0,298.0,90.0,0-4,2024
E06000020,512.0,328.0,184.0,0-4,2024
E06000021,764.0,794.0,-30.0,0-4,2024
E06000022,446.0,406.0,40.0,0-4,2024
E06000023,920.0,1679.0,-759.0,0-4,2024
E06000024,597.0,351.0,246.0,0-4,2024
E06000025,875.0,641.0,234.0,0-4,2024
E06000026,425.0,629.0,-204.0,0-4,2024
E06000027,284.0,277.0,7.0,0-4,2024
E06000030,547.0,471.0,76.0,0-4,2024
E06000031,632.0,710.0,-78.0,0-4,2024
E06000032,826.0,1353.0,-527.0,0-4,2024
E06000033,586.0,605.0,-19.0,0-4,2024
E06000034,843.0,742.0,101.0,0-4,2024
E06000035,1177.0,977.0,200.0,0-4,2024
E06000036,430.0,363.0,67.0,0-4,2024
E06000037,476.0,352.0,124.0,0-4,2024
E06000038,558.0,874.0,-316.0,0-4,2024
E06000039,866.0,1047.0,-181.0,0-4,2024
E06000040,530.0,483.0,47.0,0-4,2024
E06000041,629.0,431.0,198.0,0-4,2024
E06000042,1038.0,775.0,263.0,0-4,2024
E06000043,590.0,668.0,-78.0,0-4,2024
E06000044,453.0,695.0,-242.0,0-4,2024
E06000045,495.0,789.0,-294.0,0-4,2024
E06000046,160.0,108.0,52.0,0-4,2024
E06000047,1201.0,763.0,438.0,0-4,2024
E06000049,956.0,591.0,365.0,0-4,2024
E06000050,773.0,584.0,189.0,0-4,2024
E06000051,709.0,444.0,265.0,0-4,2024
E06000052,842.0,532.0,310.0,0-4,2024
E06000053,6.0,11.0,-5.0,0-4,2024
E06000054,1322.0,1019.0,303.0,0-4,2024
E06000055,691.0,555.0,136.0,0-4,2024
E06000056,1427.0,869.0,558.0,0-4,2024
E06000057,633.0,335.0,298.0,0-4,2024
E06000058,758.4,819.4,-61.0,0-4,2024
E06000059,1032.7,585.7,447.0,0-4,2024
E06000060,1861.0,1209.0,652.0,0-4,2024
E06000061,1026.8,582.8,444.0,0-4,2024
E06000062,1031.6,904.6,127.0,0-4,2024
E06000063,340.5,206.5,134.0,0-4,2024
E06000064,285.1,183.1,102.0,0-4,2024
E06000065,1478.4,1093.4,385.0,0-4,2024
E06000066,1133.9,752.9,381.0,0-4,2024
E09000001,20.0,41.0,-21.0,0-4,2024
E09000002,1791.0,1880.0,-89.0,0-4,2024
E09000003,1592.0,2049.0,-457.0,0-4,2024
E09000004,1151.0,1135.0,16.0,0-4,2024
E09000005,1485.0,2377.0,-892.0,0-4,2024
E09000006,1369.0,1414.0,-45.0,0-4,2024
E09000007,558.0,1117.0,-559.0,0-4,2024
E09000008,2002.0,2604.0,-602.0,0-4,2024
E09000009,1536.0,2336.0,-800.0,0-4,2024
E09000010,1603.0,1763.0,-160.0,0-4,2024
E09000011,1318.0,1993.0,-675.0,0-4,2024
E09000012,775.0,1557.0,-782.0,0-4,2024
E09000013,581.0,939.0,-358.0,0-4,2024
E09000014,1306.0,1862.0,-556.0,0-4,2024
E09000015,1243.0,1666.0,-423.0,0-4,2024
E09000016,1543.0,1240.0,303.0,0-4,2024
E09000017,1689.0,1993.0,-304.0,0-4,2024
E09000018,1199.0,1902.0,-703.0,0-4,2024
E09000019,525.0,1088.0,-563.0,0-4,2024
E09000020,387.0,693.0,-306.0,0-4,2024
E09000021,636.0,733.0,-97.0,0-4,2024
E09000022,938.0,1892.0,-954.0,0-4,2024
E09000023,1153.0,1927.0,-774.0,0-4,2024
E09000024,909.0,1379.0,-470.0,0-4,2024
E09000025,1611.0,3208.0,-1597.0,0-4,2024
E09000026,1907.0,2774.0,-867.0,0-4,2024
E09000027,719.0,759.0,-40.0,0-4,2024
E09000028,912.0,1808.0,-896.0,0-4,2024
E09000029,863.0,818.0,45.0,0-4,2024
E09000030,845.0,1889.0,-1044.0,0-4,2024
E09000031,1198.0,2163.0,-965.0,0-4,2024
E09000032,973.0,1917.0,-944.0,0-4,2024
E09000033,543.0,1018.0,-475.0,0-4,2024
E06000001,270.0,146.0,124.0,5-9,2024
E06000002,315.0,583.0,-268.0,5-9,2024
E06000003,302.0,212.0,90.0,5-9,2024
E06000004,496.0,392.0,104.0,5-9,2024
E06000005,259.0,234.0,25.0,5-9,2024
E06000006,243.0,257.0,-14.0,5-9,2024
E06000007,407.0,300.0,107.0,5-9,2024
E06000008,481.0,365.0,116.0,5-9,2024
E06000009,352.0,441.0,-89.0,5-9,2024
E06000010,431.0,679.0,-248.0,5-9,2024
E06000011,849.0,504.0,345.0,5-9,2024
E06000012,299.0,220.0,79.0,5-9,2024
E06000013,298.0,221.0,77.0,5-9,2024
E06000014,320.0,358.0,-38.0,5-9,2024
E06000015,512.0,667.0,-155.0,5-9,2024
E06000016,698.0,1113.0,-415.0,5-9,2024
E06000017,123.0,79.0,44.0,5-9,2024
E06000018,680.0,1044.0,-364.0,5-9,2024
E06000019,294.0,244.0,50.0,5-9,2024
E06000020,419.0,262.0,157.0,5-9,2024
E06000021,564.0,653.0,-89.0,5-9,2024
E06000022,330.0,285.0,45.0,5-9,2024
E06000023,601.0,1165.0,-564.0,5-9,2024
E06000024,422.0,253.0,169.0,5-9,2024
E06000025,723.0,499.0,224.0,5-9,2024
E06000026,285.0,479.0,-194.0,5-9,2024
E06000027,230.0,248.0,-18.0,5-9,2024
E06000030,394.0,406.0,-12.0,5-9,2024
E06000031,523.0,554.0,-31.0,5-9,2024
E06000032,519.0,978.0,-459.0,5-9,2024
E06000033,441.0,442.0,-1.0,5-9,2024
E06000034,622.0,639.0,-17.0,5-9,2024
E06000035,974.0,767.0,207.0,5-9,2024
E06000036,325.0,285.0,40.0,5-9,2024
E06000037,363.0,327.0,36.0,5-9,2024
E06000038,420.0,690.0,-270.0,5-9,2024
E06000039,559.0,782.0,-223.0,5-9,2024
E06000040,405.0,364.0,41.0,5-9,2024
E06000041,623.0,369.0,254.0,5-9,2024
E06000042,714.0,665.0,49.0,5-9,2024
E06000043,369.0,477.0,-108.0,5-9,2024
E06000044,313.0,516.0,-203.0,5-9,2024
E06000045,335.0,594.0,-259.0,5-9,2024
E06000046,172.0,139.0,33.0,5-9,2024
E06000047,932.0,686.0,246.0,5-9,2024
E06000049,744.0,435.0,309.0,5-9,2024
E06000050,605.0,473.0,132.0,5-9,2024
E06000051,568.0,403.0,165.0,5-9,2024
E06000052,799.0,442.0,357.0,5-9,2024
E06000053,9.0,6.0,3.0,5-9,2024
E06000054,1025.0,893.0,132.0,5-9,2024
E06000055,448.0,406.0,42.0,5-9,2024
E06000056,960.0,707.0,253.0,5-9,2024
E06000057,498.0,271.0,227.0,5-9,2024
E06000058,527.8,626.8,-99.0,5-9,2024
E06000059,831.0,480.0,351.0,5-9,2024
E06000060,1538.3,938.3,600.0,5-9,2024
E06000061,874.4,453.4,421.0,5-9,2024
E06000062,754.9,748.9,6.0,5-9,2024
E06000063,292.2,169.2,123.0,5-9,2024
E06000064,301.5,196.5,105.0,5-9,2024
E06000065,1265.4,874.4,391.0,5-9,2024
E06000066,936.1,666.1,270.0,5-9,2024
E09000001,6.0,18.0,-12.0,5-9,2024
E09000002,1254.0,1580.0,-326.0,5-9,2024
E09000003,1065.0,1472.0,-407.0,5-9,2024
E09000004,1000.0,976.0,24.0,5-9,2024
E09000005,1025.0,1617.0,-592.0,5-9,2024
E09000006,995.0,1007.0,-12.0,5-9,2024
E09000007,336.0,608.0,-272.0,5-9,2024
E09000008,1479.0,1879.0,-400.0,5-9,2024
E09000009,961.0,1573.0,-612.0,5-9,2024
E09000010,1082.0,1407.0,-325.0,5-9,2024
E09000011,782.0,1421.0,-639.0,5-9,2024
E09000012,521.0,995.0,-474.0,5-9,2024
E09000013,418.0,597.0,-179.0,5-9,2024
E09000014,878.0,1219.0,-341.0,5-9,2024
E09000015,926.0,1308.0,-382.0,5-9,2024
E09000016,1154.0,962.0,192.0,5-9,2024
E09000017,1186.0,1486.0,-300.0,5-9,2024
E09000018,768.0,1534.0,-766.0,5-9,2024
E09000019,293.0,516.0,-223.0,5-9,2024
E09000020,303.0,426.0,-123.0,5-9,2024
E09000021,483.0,555.0,-72.0,5-9,2024
E09000022,614.0,1100.0,-486.0,5-9,2024
E09000023,734.0,1304.0,-570.0,5-9,2024
E09000024,645.0,1016.0,-371.0,5-9,2024
E09000025,1123.0,2266.0,-1143.0,5-9,2024
E09000026,1386.0,1949.0,-563.0,5-9,2024
E09000027,537.0,625.0,-88.0,5-9,2024
E09000028,649.0,1162.0,-513.0,5-9,2024
E09000029,734.0,688.0,46.0,5-9,2024
E09000030,467.0,907.0,-440.0,5-9,2024
E09000031,766.0,1322.0,-556.0,5-9,2024
E09000032,696.0,1117.0,-421.0,5-9,2024
E09000033,379.0,671.0,-292.0,5-9,2024
E06000001,257.0,136.0,121.0,10-14,2024
E06000002,299.0,445.0,-146.0,10-14,2024
E06000003,273.0,243.0,30.0,10-14,2024
E06000004,426.0,340.0,86.0,10-14,2024
E06000005,259.0,181.0,78.0,10-14,2024
E06000006,204.0,195.0,9.0,10-14,2024
E06000007,345.0,322.0,23.0,10-14,2024
E06000008,452.0,362.0,90.0,10-14,2024
E06000009,349.0,475.0,-126.0,10-14,2024
E06000010,383.0,499.0,-116.0,10-14,2024
E06000011,697.0,432.0,265.0,10-14,2024
E06000012,236.0,206.0,30.0,10-14,2024
E06000013,267.0,189.0,78.0,10-14,2024
E06000014,244.0,329.0,-85.0,10-14,2024
E06000015,447.0,556.0,-109.0,10-14,2024
E06000016,524.0,1038.0,-514.0,10-14,2024
E06000017,242.0,94.0,148.0,10-14,2024
E06000018,527.0,868.0,-341.0,10-14,2024
E06000019,246.0,236.0,10.0,10-14,2024
E06000020,384.0,285.0,99.0,10-14,2024
E06000021,442.0,595.0,-153.0,10-14,2024
E06000022,365.0,276.0,89.0,10-14,2024
E06000023,486.0,945.0,-459.0,10-14,2024
E06000024,377.0,272.0,105.0,10-14,2024
E06000025,572.0,461.0,111.0,10-14,2024
E06000026,289.0,416.0,-127.0,10-14,2024
E06000027,257.0,206.0,51.0,10-14,2024
E06000030,279.0,393.0,-114.0,10-14,2024
E06000031,499.0,550.0,-51.0,10-14,2024
E06000032,483.0,815.0,-332.0,10-14,2024
E06000033,511.0,432.0,79.0,10-14,2024
E06000034,527.0,529.0,-2.0,10-14,2024
E06000035,844.0,690.0,154.0,10-14,2024
E06000036,528.0,303.0,225.0,10-14,2024
E06000037,439.0,399.0,40.0,10-14,2024
E06000038,381.0,624.0,-243.0,10-14,2024
E06000039,501.0,710.0,-209.0,10-14,2024
E06000040,813.0,486.0,327.0,10-14,2024
E06000041,580.0,419.0,161.0,10-14,2024
E06000042,620.0,707.0,-87.0,10-14,2024
E06000043,422.0,459.0,-37.0,10-14,2024
E06000044,283.0,451.0,-168.0,10-14,2024
E06000045,288.0,478.0,-190.0,10-14,2024
E06000046,178.0,184.0,-6.0,10-14,2024
E06000047,872.0,663.0,209.0,10-14,2024
E06000049,632.0,439.0,193.0,10-14,2024
E06000050,486.0,444.0,42.0,10-14,2024
E06000051,623.0,416.0,207.0,10-14,2024
E06000052,720.0,485.0,235.0,10-14,2024
E06000053,10.0,15.0,-5.0,10-14,2024
E06000054,1113.0,904.0,209.0,10-14,2024
E06000055,420.0,340.0,80.0,10-14,2024
E06000056,824.0,645.0,179.0,10-14,2024
E06000057,400.0,320.0,80.0,10-14,2024
E06000058,543.0,588.0,-45.0,10-14,2024
E06000059,1011.1,581.1,430.0,10-14,2024
E06000060,1584.4,1002.4,582.0,10-14,2024
E06000061,864.8,480.8,384.0,10-14,2024
E06000062,651.3,651.3,-0.0,10-14,2024
E06000063,328.4,152.4,176.0,10-14,2024
E06000064,326.9,249.9,77.0,10-14,2024
E06000065,1209.2,879.2,330.0,10-14,2024
E06000066,994.1,780.1,214.0,10-14,2024
E09000001,3.0,20.0,-17.0,10-14,2024
E09000002,1050.0,1404.0,-354.0,10-14,2024
E09000003,1077.0,1166.0,-89.0,10-14,2024
E09000004,939.0,957.0,-18.0,10-14,2024
E09000005,847.0,1310.0,-463.0,10-14,2024
E09000006,911.0,979.0,-68.0,10-14,2024
E09000007,297.0,545.0,-248.0,10-14,2024
E09000008,1351.0,1606.0,-255.0,10-14,2024
E09000009,763.0,1343.0,-580.0,10-14,2024
E09000010,980.0,1253.0,-273.0,10-14,2024
E09000011,665.0,1206.0,-541.0,10-14,2024
E09000012,448.0,787.0,-339.0,10-14,2024
E09000013,456.0,703.0,-247.0,10-14,2024
E09000014,810.0,1070.0,-260.0,10-14,2024
E09000015,896.0,1042.0,-146.0,10-14,2024
E09000016,965.0,752.0,213.0,10-14,2024
E09000017,910.0,1253.0,-343.0,10-14,2024
E09000018,743.0,1224.0,-481.0,10-14,2024
E09000019,261.0,435.0,-174.0,10-14,2024
E09000020,296.0,657.0,-361.0,10-14,2024
E09000021,502.0,515.0,-13.0,10-14,2024
E09000022,536.0,1027.0,-491.0,10-14,2024
E09000023,605.0,1067.0,-462.0,10-14,2024
E09000024,569.0,938.0,-369.0,10-14,2024
E09000025,904.0,1757.0,-853.0,10-14,2024
E09000026,1083.0,1581.0,-498.0,10-14,2024
E09000027,455.0,642.0,-187.0,10-14,2024
E09000028,501.0,1018.0,-517.0,10-14,2024
E09000029,760.0,659.0,101.0,10-14,2024
E09000030,329.0,768.0,-439.0,10-14,2024
E09000031,609.0,1020.0,-411.0,10-14,2024
E09000032,566.0,991.0,-425.0,10-14,2024
E09000033,424.0,685.0,-261.0,10-14,2024
E06000001,245.0,348.0,-103.0,15-19,2024
E06000002,612.0,695.0,-83.0,15-19,2024
E06000003,279.0,495.0,-216.0,15-19,2024
E06000004,449.0,1017.0,-568.0,15-19,2024
E06000005,266.0,536.0,-270.0,15-19,2024
E06000006,223.0,589.0,-366.0,15-19,2024
E06000007,361.0,1137.0,-776.0,15-19,2024
E06000008,431.0,671.0,-240.0,15-19,2024
E06000009,509.0,726.0,-217.0,15-19,2024
E06000010,1624.0,931.0,693.0,15-19,2024
E06000011,714.0,1733.0,-1019.0,15-19,2024
E06000012,272.0,658.0,-386.0,15-19,2024
E06000013,330.0,794.0,-464.0,15-19,2024
E06000014,5642.0,1030.0,4612.0,15-19,2024
E06000015,1528.0,1214.0,314.0,15-19,2024
E06000016,4489.0,1764.0,2725.0,15-19,2024
E06000017,221.0,549.0,-328.0,15-19,2024
E06000018,10275.0,1909.0,8366.0,15-19,2024
E06000019,300.0,719.0,-419.0,15-19,2024
E06000020,882.0,962.0,-80.0,15-19,2024
E06000021,1274.0,1006.0,268.0,15-19,2024
E06000022,4808.0,1145.0,3663.0,15-19,2024
E06000023,5468.0,1947.0,3521.0,15-19,2024
E06000024,391.0,905.0,-514.0,15-19,2024
E06000025,1834.0,1311.0,523.0,15-19,2024
E06000026,2608.0,794.0,1814.0,15-19,2024
E06000027,275.0,576.0,-301.0,15-19,2024
E06000030,464.0,980.0,-516.0,15-19,2024
E06000031,529.0,1259.0,-730.0,15-19,2024
E06000032,479.0,1213.0,-734.0,15-19,2024
E06000033,410.0,912.0,-502.0,15-19,2024
E06000034,594.0,1126.0,-532.0,15-19,2024
E06000035,1005.0,1566.0,-561.0,15-19,2024
E06000036,426.0,957.0,-531.0,15-19,2024
E06000037,423.0,1225.0,-802.0,15-19,2024
E06000038,2128.0,1161.0,967.0,15-19,2024
E06000039,404.0,1025.0,-621.0,15-19,2024
E06000040,472.0,1420.0,-948.0,15-19,2024
E06000041,1205.0,1470.0,-265.0,15-19,2024
E06000042,562.0,1822.0,-1260.0,15-19,2024
E06000043,4570.0,1332.0,3238.0,15-19,2024
E06000044,2353.0,819.0,1534.0,15-19,2024
E06000045,4204.0,932.0,3272.0,15-19,2024
E06000046,208.0,458.0,-250.0,15-19,2024
E06000047,4161.0,2037.0,2124.0,15-19,2024
E06000049,662.0,2060.0,-1398.0,15-19,2024
E06000050,1429.0,1863.0,-434.0,15-19,2024
E06000051,725.0,1780.0,-1055.0,15-19,2024
E06000052,2070.0,1814.0,256.0,15-19,2024
E06000053,38.0,45.0,-7.0,15-19,2024
E06000054,1006.0,2798.0,-1792.0,15-19,2024
E06000055,526.0,1027.0,-501.0,15-19,2024
E06000056,724.0,1475.0,-751.0,15-19,2024
E06000057,455.0,1151.0,-696.0,15-19,2024
E06000058,3745.9,1755.9,1990.0,15-19,2024
E06000059,900.0,1851.0,-951.0,15-19,2024
E06000060,1520.4,3879.4,-2359.0,15-19,2024
E06000061,751.8,2007.8,-1256.0,15-19,2024
E06000062,1977.7,2422.7,-445.0,15-19,2024
E06000063,454.4,842.4,-388.0,15-19,2024
E06000064,427.3,973.3,-546.0,15-19,2024
E06000065,1202.3,3296.3,-2094.0,15-19,2024
E06000066,1110.9,2647.9,-1537.0,15-19,2024
E09000001,124.0,53.0,71.0,15-19,2024
E09000002,1095.0,1863.0,-768.0,15-19,2024
E09000003,1307.0,2919.0,-1612.0,15-19,2024
E09000004,970.0,1673.0,-703.0,15-19,2024
E09000005,1710.0,2020.0,-310.0,15-19,2024
E09000006,740.0,2222.0,-1482.0,15-19,2024
E09000007,2659.0,1237.0,1422.0,15-19,2024
E09000008,1326.0,3086.0,-1760.0,15-19,2024
E09000009,1877.0,2534.0,-657.0,15-19,2024
E09000010,1009.0,2347.0,-1338.0,15-19,2024
E09000011,1375.0,1945.0,-570.0,15-19,2024
E09000012,771.0,1300.0,-529.0,15-19,2024
E09000013,902.0,1043.0,-141.0,15-19,2024
E09000014,1004.0,1678.0,-674.0,15-19,2024
E09000015,835.0,2166.0,-1331.0,15-19,2024
E09000016,893.0,1533.0,-640.0,15-19,2024
E09000017,1510.0,2201.0,-691.0,15-19,2024
E09000018,817.0,1835.0,-1018.0,15-19,2024
E09000019,1609.0,982.0,627.0,15-19,2024
E09000020,619.0,861.0,-242.0,15-19,2024
E09000021,1273.0,1269.0,4.0,15-19,2024
E09000022,1183.0,1740.0,-557.0,15-19,2024
E09000023,998.0,1825.0,-827.0,15-19,2024
E09000024,610.0,1586.0,-976.0,15-19,2024
E09000025,1542.0,2130.0,-588.0,15-19,2024
E09000026,1213.0,2189.0,-976.0,15-19,2024
E09000027,720.0,1592.0,-872.0,15-19,2024
E09000028,2056.0,1803.0,253.0,15-19,2024
E09000029,472.0,1410.0,-938.0,15-19,2024
E09000030,1733.0,954.0,779.0,15-19,2024
E09000031,822.0,1479.0,-657.0,15-19,2024
E09000032,1237.0,1659.0,-422.0,15-19,2024
E09000033,1466.0,1078.0,388.0,15-19,2024
E06000001,870.0,471.0,399.0,0-15,2024
E06000002,1125.0,1786.0,-661.0,0-15,2024
E06000003,989.0,726.0,263.0,0-15,2024
E06000004,1588.0,1248.0,340.0,0-15,2024
E06000005,881.0,781.0,100.0,0-15,2024
E06000006,806.0,734.0,72.0,0-15,2024
E06000007,1349.0,1086.0,263.0,0-15,2024
E06000008,1501.0,1262.0,239.0,0-15,2024
E06000009,1188.0,1502.0,-314.0,0-15,2024
E06000010,1374.0,2099.0,-725.0,0-15,2024
E06000011,2726.0,1551.0,1175.0,0-15,2024
E06000012,921.0,695.0,226.0,0-15,2024
E06000013,964.0,681.0,283.0,0-15,2024
E06000014,1016.0,1195.0,-179.0,0-15,2024
E06000015,1749.0,2122.0,-373.0,0-15,2024
E06000016,2262.0,3711.0,-1449.0,0-15,2024
E06000017,565.0,311.0,254.0,0-15,2024
E06000018,2154.0,3380.0,-1226.0,0-15,2024
E06000019,983.0,821.0,162.0,0-15,2024
E06000020,1381.0,938.0,443.0,0-15,2024
E06000021,1863.0,2149.0,-286.0,0-15,2024
E06000022,1202.0,1017.0,185.0,0-15,2024
E06000023,2098.0,3952.0,-1854.0,0-15,2024
E06000024,1460.0,925.0,535.0,0-15,2024
E06000025,2271.0,1689.0,582.0,0-15,2024
E06000026,1055.0,1589.0,-534.0,0-15,2024
E06000027,816.0,785.0,31.0,0-15,2024
E06000030,1283.0,1316.0,-33.0,0-15,2024
E06000031,1719.0,1913.0,-194.0,0-15,2024
E06000032,1916.0,3278.0,-1362.0,0-15,2024
E06000033,1609.0,1545.0,64.0,0-15,2024
E06000034,2070.0,2011.0,59.0,0-15,2024
E06000035,3107.0,2552.0,555.0,0-15,2024
E06000036,1376.0,1021.0,355.0,0-15,2024
E06000037,1370.0,1154.0,216.0,0-15,2024
E06000038,1423.0,2280.0,-857.0,0-15,2024
E06000039,1987.0,2636.0,-649.0,0-15,2024
E06000040,1841.0,1423.0,418.0,0-15,2024
E06000041,1903.0,1284.0,619.0,0-15,2024
E06000042,2474.0,2266.0,208.0,0-15,2024
E06000043,1456.0,1681.0,-225.0,0-15,2024
E06000044,1109.0,1738.0,-629.0,0-15,2024
E06000045,1176.0,1935.0,-759.0,0-15,2024
E06000046,545.0,454.0,91.0,0-15,2024
E06000047,3177.0,2255.0,922.0,0-15,2024
E06000049,2424.0,1545.0,879.0,0-15,2024
E06000050,1972.0,1577.0,395.0,0-15,2024
E06000051,2047.0,1345.0,702.0,0-15,2024
E06000052,2470.0,1559.0,911.0,0-15,2024
E06000053,28.0,36.0,-8.0,0-15,2024
E06000054,3626.0,2992.0,634.0,0-15,2024
E06000055,1639.0,1371.0,268.0,0-15,2024
E06000056,3364.0,2322.0,1042.0,0-15,2024
E06000057,1606.0,998.0,608.0,0-15,2024
E06000058,1909.6,2136.6,-227.0,0-15,2024
E06000059,2986.8,1752.8,1234.0,0-15,2024
E06000060,5181.4,3339.4,1842.0,0-15,2024
E06000061,2900.9,1636.9,1264.0,0-15,2024
E06000062,2589.3,2419.3,170.0,0-15,2024
E06000063,1025.2,574.2,451.0,0-15,2024
E06000064,984.7,702.7,282.0,0-15,2024
E06000065,4142.0,3013.0,1129.0,0-15,2024
E06000066,3205.2,2342.2,863.0,0-15,2024
E09000001,29.0,82.0,-53.0,0-15,2024
E09000002,4306.0,5060.0,-754.0,0-15,2024
E09000003,3937.0,4897.0,-960.0,0-15,2024
E09000004,3257.0,3230.0,27.0,0-15,2024
E09000005,3539.0,5532.0,-1993.0,0-15,2024
E09000006,3385.0,3532.0,-147.0,0-15,2024
E09000007,1250.0,2365.0,-1115.0,0-15,2024
E09000008,5093.0,6380.0,-1287.0,0-15,2024
E09000009,3423.0,5471.0,-2048.0,0-15,2024
E09000010,3848.0,4657.0,-809.0,0-15,2024
E09000011,2899.0,4804.0,-1905.0,0-15,2024
E09000012,1848.0,3493.0,-1645.0,0-15,2024
E09000013,1557.0,2332.0,-775.0,0-15,2024
E09000014,3156.0,4355.0,-1199.0,0-15,2024
E09000015,3198.0,4194.0,-996.0,0-15,2024
E09000016,3822.0,3092.0,730.0,0-15,2024
E09000017,3956.0,4935.0,-979.0,0-15,2024
E09000018,2831.0,4849.0,-2018.0,0-15,2024
E09000019,1136.0,2125.0,-989.0,0-15,2024
E09000020,1046.0,1864.0,-818.0,0-15,2024
E09000021,1695.0,1872.0,-177.0,0-15,2024
E09000022,2197.0,4211.0,-2014.0,0-15,2024
E09000023,2624.0,4486.0,-1862.0,0-15,2024
E09000024,2231.0,3451.0,-1220.0,0-15,2024
E09000025,3795.0,7511.0,-3716.0,0-15,2024
E09000026,4599.0,6537.0,-1938.0,0-15,2024
E09000027,1789.0,2151.0,-362.0,0-15,2024
E09000028,2174.0,4142.0,-1968.0,0-15,2024
E09000029,2442.0,2271.0,171.0,0-15,2024
E09000030,1704.0,3665.0,-1961.0,0-15,2024
E09000031,2721.0,4662.0,-1941.0,0-15,2024
E09000032,2350.0,4178.0,-1828.0,0-15,2024
E09000033,1427.0,2482.0,-1055.0,0-15,2024
E06000001,4543.0,3143.0,1400.0,All ages,2024
E06000002,7589.0,11072.0,-3483.0,All ages,2024
E06000003,5894.0,4869.0,1025.0,All ages,2024
E06000004,9525.0,8885.0,640.0,All ages,2024
E06000005,6066.0,5231.0,835.0,All ages,2024
E06000006,5332.0,5195.0,137.0,All ages,2024
E06000007,10171.0,9477.0,694.0,All ages,2024
E06000008,7885.0,7512.0,373.0,All ages,2024
E06000009,8214.0,8324.0,-110.0,All ages,2024
E06000010,11713.0,15373.0,-3660.0,All ages,2024
E06000011,19753.0,13815.0,5938.0,All ages,2024
E06000012,5562.0,4644.0,918.0,All ages,2024
E06000013,6603.0,5606.0,997.0,All ages,2024
E06000014,18492.0,19243.0,-751.0,All ages,2024
E06000015,14075.0,16983.0,-2908.0,All ages,2024
E06000016,22231.0,31536.0,-9305.0,All ages,2024
E06000017,2976.0,2638.0,338.0,All ages,2024
E06000018,36658.0,43812.0,-7154.0,All ages,2024
E06000019,8287.0,7135.0,1152.0,All ages,2024
E06000020,9933.0,8179.0,1754.0,All ages,2024
E06000021,13137.0,14182.0,-1045.0,All ages,2024
E06000022,19195.0,19231.0,-36.0,All ages,2024
E06000023,41305.0,44919.0,-3614.0,All ages,2024
E06000024,11620.0,9265.0,2355.0,All ages,2024
E06000025,20800.0,18339.0,2461.0,All ages,2024
E06000026,14026.0,15707.0,-1681.0,All ages,2024
E06000027,6856.0,6351.0,505.0,All ages,2024
E06000030,9566.0,9732.0,-166.0,All ages,2024
E06000031,11137.0,12117.0,-980.0,All ages,2024
E06000032,10905.0,17837.0,-6932.0,All ages,2024
E06000033,10129.0,9557.0,572.0,All ages,2024
E06000034,9982.0,10583.0,-601.0,All ages,2024
E06000035,15814.0,15826.0,-12.0,All ages,2024
E06000036,8350.0,8048.0,302.0,All ages,2024
E06000037,9208.0,9069.0,139.0,All ages,2024
E06000038,15873.0,19099.0,-3226.0,All ages,2024
E06000039,10102.0,13074.0,-2972.0,All ages,2024
E06000040,11130.0,10817.0,313.0,All ages,2024
E06000041,12919.0,12473.0,446.0,All ages,2024
E06000042,15676.0,15325.0,351.0,All ages,2024
E06000043,25933.0,26838.0,-905.0,All ages,2024
E06000044,12765.0,18284.0,-5519.0,All ages,2024
E06000045,18088.0,21138.0,-3050.0,All ages,2024
E06000046,4895.0,4235.0,660.0,All ages,2024
E06000047,27750.0,25377.0,2373.0,All ages,2024
E06000049,20058.0,15735.0,4323.0,All ages,2024
E06000050,19076.0,16424.0,2652.0,All ages,2024
E06000051,15228.0,12536.0,2692.0,All ages,2024
E06000052,25065.0,19948.0,5117.0,All ages,2024
E06000053,405.0,466.0,-61.0,All ages,2024
E06000054,25297.0,22502.0,2795.0,All ages,2024
E06000055,10726.0,9919.0,807.0,All ages,2024
E06000056,20204.0,16233.0,3971.0,All ages,2024
E06000057,13591.0,9857.0,3734.0,All ages,2024
E06000058,23842.4,24636.4,-794.0,All ages,2024
E06000059,21420.5,16670.5,4750.0,All ages,2024
E06000060,33077.2,29155.2,3922.0,All ages,2024
E06000061,17404.1,13891.1,3513.0,All ages,2024
E06000062,20938.4,22666.4,-1728.0,All ages,2024
E06000063,8847.8,6808.8,2039.0,All ages,2024
E06000064,9364.1,7835.1,1529.0,All ages,2024
E06000065,31000.9,25637.9,5363.0,All ages,2024
E06000066,25283.0,20814.0,4469.0,All ages,2024
E09000001,1748.0,1890.0,-142.0,All ages,2024
E09000002,20804.0,23669.0,-2865.0,All ages,2024
E09000003,33403.0,34462.0,-1059.0,All ages,2024
E09000004,17938.0,17366.0,572.0,All ages,2024
E09000005,33495.0,40924.0,-7429.0,All ages,2024
E09000006,22045.0,22410.0,-365.0,All ages,2024
E09000007,26414.0,32053.0,-5639.0,All ages,2024
E09000008,31451.0,35236.0,-3785.0,All ages,2024
E09000009,34184.0,40298.0,-6114.0,All ages,2024
E09000010,22287.0,26126.0,-3839.0,All ages,2024
E09000011,26304.0,31458.0,-5154.0,All ages,2024
E09000012,26998.0,30941.0,-3943.0,All ages,2024
E09000013,24577.0,26019.0,-1442.0,All ages,2024
E09000014,29781.0,32060.0,-2279.0,All ages,2024
E09000015,20995.0,25637.0,-4642.0,All ages,2024
E09000016,19784.0,17680.0,2104.0,All ages,2024
E09000017,27096.0,31981.0,-4885.0,All ages,2024
E09000018,22205.0,28879.0,-6674.0,All ages,2024
E09000019,26985.0,30811.0,-3826.0,All ages,2024
E09000020,13438.0,16861.0,-3423.0,All ages,2024
E09000021,14732.0,16228.0,-1496.0,All ages,2024
E09000022,38694.0,45366.0,-6672.0,All ages,2024
E09000023,27977.0,32099.0,-4122.0,All ages,2024
E09000024,20307.0,22915.0,-2608.0,All ages,2024
E09000025,32615.0,47664.0,-15049.0,All ages,2024
E09000026,25526.0,33280.0,-7754.0,All ages,2024
E09000027,15452.0,16633.0,-1181.0,All ages,2024
E09000028,35190.0,41230.0,-6040.0,All ages,2024
E09000029,13761.0,14389.0,-628.0,All ages,2024
E09000030,35357.1,43229.0,-7871.9,All ages,2024
E09000031,23573.0,27492.0,-3919.0,All ages,2024
E09000032,41963.0,43019.0,-1056.0,All ages,2024
E09000033,21657.0,26613.0,-4956.0,All ages,2024
